category,capacity,ticket_price,days_remaining,current_fill_rate,booking_velocity_24h,actual_additional_demand,demand_level,capacity_risk
Show,200,1500,11,0.57,15,108,CRITICAL,CRITICAL
Show,2000,500,23,0.54,19,218,MEDIUM,MEDIUM
Sports,1500,500,1,0.75,6,3,HIGH,HIGH
Cultural,800,1000,13,0.82,14,109,HIGH,HIGH
Sports,500,250,8,0.44,31,146,MEDIUM,MEDIUM
Cultural,500,1500,16,0.23,26,287,MEDIUM,MEDIUM
Technology,2000,2000,25,0.36,43,639,MEDIUM,MEDIUM
Workshop,500,500,1,0.35,20,12,LOW,LOW
Workshop,500,1000,28,0.61,27,379,CRITICAL,CRITICAL
Show,200,0,29,0.54,57,823,CRITICAL,CRITICAL
Workshop,100,1500,4,0.1,33,76,MEDIUM,MEDIUM
Technology,100,1000,7,0.42,60,216,CRITICAL,CRITICAL
Cultural,100,300,23,0.72,40,472,CRITICAL,CRITICAL
Cultural,100,1000,21,0.22,38,437,CRITICAL,CRITICAL
Cultural,500,250,13,0.3,35,230,MEDIUM,MEDIUM
Cultural,200,250,4,0.77,42,92,CRITICAL,CRITICAL
Show,1500,1000,7,0.23,33,133,LOW,LOW
Cultural,2000,300,2,0.6,14,15,MEDIUM,MEDIUM
Sports,1500,750,4,0.89,17,34,CRITICAL,CRITICAL
Concert,1500,1500,30,0.12,47,868,MEDIUM,MEDIUM
Technology,2000,300,1,0.57,54,28,MEDIUM,MEDIUM
Show,200,2000,12,0.51,35,263,CRITICAL,CRITICAL
Workshop,100,750,25,0.95,23,343,CRITICAL,CRITICAL
Workshop,800,1500,16,0.35,20,184,LOW,LOW
Cultural,100,500,7,0.51,21,95,CRITICAL,CRITICAL
Cultural,100,250,14,0.64,43,351,CRITICAL,CRITICAL
Sports,500,1000,5,0.68,27,81,HIGH,HIGH
Show,1500,1500,9,0.57,8,42,MEDIUM,MEDIUM
Technology,2000,0,8,0.17,54,304,LOW,LOW
Cultural,200,250,1,0.21,52,30,LOW,LOW
Show,200,2000,10,0.81,13,92,CRITICAL,CRITICAL
Concert,500,1000,13,0.5,47,373,CRITICAL,CRITICAL
Cultural,200,250,30,0.84,39,717,CRITICAL,CRITICAL
Workshop,500,250,10,0.86,28,163,CRITICAL,CRITICAL
Cultural,500,1500,3,0.13,37,76,LOW,LOW
Show,1000,1500,24,0.8,20,249,CRITICAL,CRITICAL
Workshop,100,250,27,0.84,46,850,CRITICAL,CRITICAL
Sports,500,0,4,0.72,23,51,HIGH,HIGH
Sports,1000,250,24,0.53,42,582,CRITICAL,CRITICAL
Cultural,100,250,20,0.62,37,532,CRITICAL,CRITICAL
Sports,1000,750,23,0.94,6,78,CRITICAL,CRITICAL
Technology,2000,0,5,0.53,69,203,MEDIUM,MEDIUM
Technology,100,0,27,0.69,58,1047,CRITICAL,CRITICAL
Cultural,800,300,15,0.76,36,278,CRITICAL,CRITICAL
Cultural,1500,750,19,0.65,34,402,MEDIUM,MEDIUM
Cultural,1000,750,20,0.83,6,81,HIGH,HIGH
Concert,2000,0,19,0.94,53,519,CRITICAL,CRITICAL
Technology,500,300,1,0.56,65,37,MEDIUM,MEDIUM
Cultural,800,750,19,0.47,14,133,MEDIUM,MEDIUM
Technology,100,250,21,0.65,70,1009,CRITICAL,CRITICAL
Cultural,1500,0,15,0.4,29,285,MEDIUM,MEDIUM
Sports,2000,500,18,0.68,8,101,HIGH,HIGH
Concert,1000,750,13,0.92,50,462,CRITICAL,CRITICAL
Show,1000,300,17,0.12,24,229,LOW,LOW
Concert,100,300,2,0.48,59,68,CRITICAL,CRITICAL
Show,200,2000,1,0.41,34,23,MEDIUM,MEDIUM
Workshop,2000,0,27,0.31,35,637,MEDIUM,MEDIUM
Workshop,100,0,29,0.82,49,837,CRITICAL,CRITICAL
Cultural,800,500,25,0.47,35,493,HIGH,HIGH
Sports,1500,250,27,0.65,23,347,MEDIUM,MEDIUM
Cultural,100,300,19,0.43,25,271,CRITICAL,CRITICAL
Cultural,200,250,14,0.8,24,209,CRITICAL,CRITICAL
Concert,500,500,8,0.44,33,169,MEDIUM,MEDIUM
Technology,200,500,6,0.66,56,161,CRITICAL,CRITICAL
Cultural,1000,2000,10,0.59,23,121,MEDIUM,MEDIUM
Workshop,100,0,11,0.76,54,398,CRITICAL,CRITICAL
Technology,200,0,29,0.62,36,576,CRITICAL,CRITICAL
Sports,500,250,14,0.77,41,385,CRITICAL,CRITICAL
Cultural,100,1500,18,0.48,33,341,CRITICAL,CRITICAL
Show,800,750,3,0.17,26,56,LOW,LOW
Workshop,1000,0,30,0.26,37,682,HIGH,HIGH
Workshop,1500,300,5,0.6,29,95,MEDIUM,MEDIUM
Cultural,1000,0,27,0.71,32,527,CRITICAL,CRITICAL
Sports,200,1000,28,0.91,12,237,CRITICAL,CRITICAL
Concert,100,500,8,0.36,20,88,CRITICAL,CRITICAL
Cultural,200,1000,28,0.55,34,630,CRITICAL,CRITICAL
Technology,800,250,28,0.72,51,996,CRITICAL,CRITICAL
Sports,200,1000,4,0.17,8,21,LOW,LOW
Technology,500,1500,11,0.23,50,271,MEDIUM,MEDIUM
Sports,2000,1500,22,0.21,34,478,LOW,LOW
Sports,2000,0,20,0.78,13,168,HIGH,HIGH
Concert,2000,250,23,0.29,55,888,MEDIUM,MEDIUM
Workshop,1500,500,9,0.27,13,77,LOW,LOW
Technology,1000,0,19,0.34,29,396,MEDIUM,MEDIUM
Concert,200,2000,23,0.24,23,335,CRITICAL,CRITICAL
Concert,1500,750,10,0.89,58,308,CRITICAL,CRITICAL
Concert,500,300,19,0.33,72,764,CRITICAL,CRITICAL
Sports,800,1500,12,0.67,32,254,HIGH,HIGH
Cultural,1500,250,28,0.74,30,472,CRITICAL,CRITICAL
Technology,500,250,2,0.35,57,68,LOW,LOW
Cultural,1000,0,13,0.67,31,251,HIGH,HIGH
Sports,800,300,8,0.27,22,89,LOW,LOW
Concert,1500,300,17,0.33,70,737,MEDIUM,MEDIUM
Concert,1000,2000,21,0.77,63,832,CRITICAL,CRITICAL
Technology,800,300,3,0.59,55,105,MEDIUM,MEDIUM
Sports,500,750,30,0.25,16,289,MEDIUM,MEDIUM
Sports,2000,1000,2,0.17,8,10,LOW,LOW
Sports,2000,0,25,0.18,48,706,MEDIUM,MEDIUM
Sports,100,300,23,0.66,36,561,CRITICAL,CRITICAL
Sports,1000,250,21,0.65,27,311,HIGH,HIGH
Workshop,1000,250,21,0.36,44,459,MEDIUM,MEDIUM
Show,200,0,9,0.64,37,173,CRITICAL,CRITICAL
Show,100,500,24,0.84,6,99,CRITICAL,CRITICAL
Technology,1000,300,5,0.87,47,129,CRITICAL,CRITICAL
Concert,100,1000,12,0.12,59,425,CRITICAL,CRITICAL
Technology,2000,500,10,0.3,35,234,LOW,LOW
Concert,2000,250,16,0.15,38,328,LOW,LOW
Workshop,500,1000,21,0.52,34,365,CRITICAL,CRITICAL
Sports,200,0,17,0.28,33,338,CRITICAL,CRITICAL
Workshop,100,1000,26,0.23,11,187,CRITICAL,CRITICAL
Cultural,500,2000,25,0.7,38,491,CRITICAL,CRITICAL
Workshop,200,0,26,0.38,35,581,CRITICAL,CRITICAL
Sports,200,1500,12,0.21,24,179,HIGH,HIGH
Concert,100,500,7,0.6,43,175,CRITICAL,CRITICAL
Show,500,250,14,0.58,30,222,HIGH,HIGH
Cultural,2000,300,23,0.41,47,580,MEDIUM,MEDIUM
Workshop,200,2000,14,0.41,12,110,HIGH,HIGH
Workshop,1000,250,21,0.66,18,267,HIGH,HIGH
Workshop,1000,1000,27,0.15,13,251,LOW,LOW
Cultural,2000,750,29,0.49,6,111,MEDIUM,MEDIUM
Show,200,1500,21,0.78,40,434,CRITICAL,CRITICAL
Technology,800,2000,22,0.58,24,270,MEDIUM,MEDIUM
Workshop,1000,750,13,0.63,20,125,MEDIUM,MEDIUM
Cultural,800,1500,28,0.87,40,583,CRITICAL,CRITICAL
Concert,200,500,14,0.72,47,390,CRITICAL,CRITICAL
Workshop,1000,0,19,0.52,22,264,MEDIUM,MEDIUM
Cultural,800,1500,27,0.11,26,440,MEDIUM,MEDIUM
Cultural,800,300,24,0.66,55,639,CRITICAL,CRITICAL
Concert,1000,750,20,0.47,39,503,HIGH,HIGH
Workshop,1000,2000,8,0.28,7,31,LOW,LOW
Cultural,2000,2000,26,0.6,34,444,MEDIUM,MEDIUM
Sports,2000,2000,8,0.26,40,175,LOW,LOW
Sports,200,1000,4,0.3,13,30,LOW,LOW
Workshop,1000,500,17,0.85,36,309,CRITICAL,CRITICAL
Technology,200,0,20,0.49,75,972,CRITICAL,CRITICAL
Cultural,1000,500,14,0.66,24,202,HIGH,HIGH
Cultural,1500,300,25,0.79,21,339,HIGH,HIGH
Sports,100,250,23,0.18,43,562,CRITICAL,CRITICAL
Concert,200,300,14,0.34,80,575,CRITICAL,CRITICAL
Concert,1500,1000,28,0.84,34,522,CRITICAL,CRITICAL
Concert,2000,1500,13,0.28,46,301,LOW,LOW
Technology,1000,1000,10,0.94,52,340,CRITICAL,CRITICAL
Technology,200,300,4,0.46,57,146,CRITICAL,CRITICAL
Sports,500,0,23,0.71,38,600,CRITICAL,CRITICAL
Show,2000,500,18,0.6,14,148,MEDIUM,MEDIUM
Cultural,800,750,11,0.83,33,217,CRITICAL,CRITICAL
Concert,800,500,21,0.56,42,549,CRITICAL,CRITICAL
Technology,1500,250,17,0.77,60,626,CRITICAL,CRITICAL
Concert,2000,300,12,0.88,38,233,CRITICAL,CRITICAL
Sports,1500,1000,26,0.5,12,159,MEDIUM,MEDIUM
Concert,100,250,5,0.85,64,215,CRITICAL,CRITICAL
Workshop,2000,2000,9,0.72,29,187,HIGH,HIGH
Concert,1000,300,24,0.4,47,589,HIGH,HIGH
Cultural,200,250,25,0.63,26,455,CRITICAL,CRITICAL
Concert,1000,750,3,0.94,59,98,CRITICAL,CRITICAL
Concert,1000,750,30,0.13,68,1351,CRITICAL,CRITICAL
Sports,200,300,2,0.8,35,42,HIGH,HIGH
Show,100,300,2,0.13,55,72,MEDIUM,MEDIUM
Show,2000,300,9,0.3,38,172,LOW,LOW
Sports,2000,2000,20,0.42,8,98,MEDIUM,MEDIUM
Concert,200,750,7,0.51,39,167,CRITICAL,CRITICAL
Cultural,1500,1000,6,0.93,33,130,CRITICAL,CRITICAL
Show,2000,500,24,0.4,8,98,MEDIUM,MEDIUM
Cultural,100,500,2,0.84,13,12,HIGH,HIGH
Technology,800,300,2,0.5,37,46,MEDIUM,MEDIUM
Show,1000,750,7,0.71,17,70,HIGH,HIGH
Sports,2000,750,24,0.6,37,634,MEDIUM,MEDIUM
Workshop,1500,300,15,0.9,20,154,CRITICAL,CRITICAL
Technology,800,1500,30,0.58,38,712,CRITICAL,CRITICAL
Cultural,1500,2000,22,0.53,37,522,MEDIUM,MEDIUM
Show,100,2000,12,0.12,13,81,HIGH,HIGH
Sports,800,500,23,0.81,28,340,CRITICAL,CRITICAL
Workshop,2000,500,6,0.41,9,37,MEDIUM,MEDIUM
Show,500,1000,15,0.19,39,340,MEDIUM,MEDIUM
Concert,100,750,10,0.64,50,284,CRITICAL,CRITICAL
Technology,1000,0,21,0.73,69,811,CRITICAL,CRITICAL
Concert,800,2000,9,0.89,34,153,CRITICAL,CRITICAL
Cultural,2000,1500,27,0.14,38,604,LOW,LOW
Concert,1000,1500,22,0.5,38,594,HIGH,HIGH
Sports,500,250,22,0.94,29,336,CRITICAL,CRITICAL
Concert,1500,1500,8,0.57,48,239,MEDIUM,MEDIUM
Cultural,1500,2000,4,0.61,16,44,MEDIUM,MEDIUM
Show,200,0,1,0.4,43,30,MEDIUM,MEDIUM
Technology,100,300,30,0.33,66,1223,CRITICAL,CRITICAL
Workshop,1500,2000,26,0.35,9,167,LOW,LOW
Sports,100,2000,19,0.41,35,433,CRITICAL,CRITICAL
Workshop,800,300,11,0.53,45,267,MEDIUM,MEDIUM
Sports,500,0,15,0.33,51,381,HIGH,HIGH
Workshop,200,1000,24,0.54,9,116,CRITICAL,CRITICAL
Workshop,100,300,26,0.82,39,560,CRITICAL,CRITICAL
Workshop,100,300,11,0.13,56,367,CRITICAL,CRITICAL
Workshop,800,750,27,0.47,25,372,HIGH,HIGH
Workshop,1000,300,4,0.7,25,57,HIGH,HIGH
Cultural,1000,500,7,0.46,19,71,MEDIUM,MEDIUM
Concert,1500,0,20,0.64,80,998,CRITICAL,CRITICAL
Technology,100,300,30,0.17,40,736,CRITICAL,CRITICAL
Technology,100,300,3,0.17,60,128,CRITICAL,CRITICAL
Technology,800,500,22,0.29,62,767,CRITICAL,CRITICAL
Show,100,0,10,0.89,49,282,CRITICAL,CRITICAL
Technology,2000,1500,13,0.37,48,429,MEDIUM,MEDIUM
Sports,200,1000,25,0.45,24,311,CRITICAL,CRITICAL
Concert,2000,1000,10,0.3,30,173,LOW,LOW
Sports,2000,500,13,0.45,20,139,MEDIUM,MEDIUM
Concert,2000,250,17,0.11,45,388,LOW,LOW
Sports,100,300,16,0.89,44,419,CRITICAL,CRITICAL
Show,200,1000,22,0.42,5,68,MEDIUM,MEDIUM
Concert,1000,0,7,0.61,62,220,MEDIUM,MEDIUM
Show,500,750,18,0.71,19,236,CRITICAL,CRITICAL
Sports,2000,0,5,0.29,34,108,LOW,LOW
Sports,1500,750,4,0.79,26,67,HIGH,HIGH
Concert,200,1000,30,0.19,25,489,CRITICAL,CRITICAL
Cultural,100,2000,30,0.17,21,394,CRITICAL,CRITICAL
Workshop,500,0,6,0.71,31,99,HIGH,HIGH
Cultural,1000,2000,7,0.11,24,109,LOW,LOW
Concert,500,500,19,0.38,54,716,CRITICAL,CRITICAL
Technology,200,0,26,0.26,45,784,CRITICAL,CRITICAL
Cultural,1000,300,13,0.36,52,435,MEDIUM,MEDIUM
Concert,2000,1500,7,0.45,36,139,MEDIUM,MEDIUM
Show,500,500,23,0.77,29,355,CRITICAL,CRITICAL
Workshop,800,0,5,0.58,19,62,MEDIUM,MEDIUM
Sports,1000,0,14,0.95,37,298,CRITICAL,CRITICAL
Sports,1000,1500,28,0.73,26,476,CRITICAL,CRITICAL
Concert,200,300,1,0.68,74,44,HIGH,HIGH
Show,800,250,12,0.47,31,193,MEDIUM,MEDIUM
Technology,100,250,4,0.11,70,135,CRITICAL,CRITICAL
Show,200,250,28,0.54,24,346,CRITICAL,CRITICAL
Workshop,100,1500,4,0.18,8,16,LOW,LOW
Show,1000,500,10,0.65,32,184,MEDIUM,MEDIUM
Cultural,100,0,1,0.47,25,12,MEDIUM,MEDIUM
Cultural,200,0,12,0.73,17,139,CRITICAL,CRITICAL
Workshop,100,0,18,0.71,36,439,CRITICAL,CRITICAL
Workshop,100,300,5,0.3,27,84,HIGH,HIGH
Concert,2000,750,10,0.37,50,330,MEDIUM,MEDIUM
Show,2000,2000,28,0.5,28,386,MEDIUM,MEDIUM
Concert,1000,250,10,0.55,42,259,MEDIUM,MEDIUM
Sports,1500,300,1,0.69,33,21,HIGH,HIGH
Sports,100,2000,18,0.58,5,47,HIGH,HIGH
Cultural,800,300,30,0.63,45,653,CRITICAL,CRITICAL
Workshop,1500,1000,13,0.91,36,274,CRITICAL,CRITICAL
Cultural,1500,500,23,0.4,5,79,MEDIUM,MEDIUM
Concert,100,300,9,0.88,53,263,CRITICAL,CRITICAL
Technology,500,750,14,0.79,49,428,CRITICAL,CRITICAL
Show,1000,500,9,0.61,29,139,MEDIUM,MEDIUM
Workshop,1500,750,23,0.58,12,179,MEDIUM,MEDIUM
Concert,800,1500,10,0.8,50,300,CRITICAL,CRITICAL
Technology,100,1500,8,0.33,38,172,CRITICAL,CRITICAL
Workshop,1000,500,7,0.48,21,92,MEDIUM,MEDIUM
Sports,500,2000,18,0.51,21,203,MEDIUM,MEDIUM
Show,1000,1000,27,0.17,13,183,LOW,LOW
Technology,2000,500,2,0.77,57,57,HIGH,HIGH
Sports,200,250,10,0.73,14,73,CRITICAL,CRITICAL
Sports,100,250,2,0.81,46,53,CRITICAL,CRITICAL
Show,2000,1000,20,0.15,40,425,LOW,LOW
Sports,1000,2000,20,0.18,38,468,MEDIUM,MEDIUM
Sports,1000,750,22,0.62,15,213,MEDIUM,MEDIUM
Cultural,1000,2000,6,0.69,33,120,HIGH,HIGH
Concert,1000,750,24,0.29,44,580,MEDIUM,MEDIUM
Workshop,800,2000,11,0.54,11,75,MEDIUM,MEDIUM
Cultural,200,1000,19,0.73,6,65,CRITICAL,CRITICAL
Cultural,2000,500,7,0.25,26,94,LOW,LOW
Cultural,1500,1000,12,0.9,23,169,CRITICAL,CRITICAL
Technology,1000,300,16,0.89,28,226,CRITICAL,CRITICAL
Workshop,1000,1000,16,0.59,26,210,MEDIUM,MEDIUM
Concert,100,300,3,0.88,54,90,CRITICAL,CRITICAL
Concert,500,1500,5,0.59,52,141,MEDIUM,MEDIUM
Concert,800,500,27,0.54,35,473,CRITICAL,CRITICAL
Sports,100,750,1,0.63,33,20,MEDIUM,MEDIUM
Concert,1000,2000,11,0.23,55,403,MEDIUM,MEDIUM
Workshop,200,2000,7,0.6,14,64,MEDIUM,MEDIUM
Workshop,2000,300,18,0.36,29,337,MEDIUM,MEDIUM
Show,1500,1000,6,0.31,28,90,LOW,LOW
Technology,800,500,25,0.36,66,1051,CRITICAL,CRITICAL
Sports,1000,1500,16,0.75,19,212,HIGH,HIGH
Sports,1000,250,13,0.28,16,116,LOW,LOW
Concert,800,500,18,0.88,46,399,CRITICAL,CRITICAL
Sports,800,1500,17,0.92,23,188,CRITICAL,CRITICAL
Technology,800,250,2,0.84,42,41,HIGH,HIGH
Sports,2000,2000,11,0.9,9,63,CRITICAL,CRITICAL
Concert,800,500,10,0.8,49,241,CRITICAL,CRITICAL
Technology,1500,750,22,0.49,42,607,MEDIUM,MEDIUM
Show,1000,1500,6,0.27,36,143,LOW,LOW
Concert,200,300,25,0.12,49,874,CRITICAL,CRITICAL
Sports,200,750,22,0.54,9,102,HIGH,HIGH
Sports,200,1000,10,0.17,6,39,LOW,LOW
Concert,1000,1000,12,0.11,45,329,LOW,LOW
Cultural,1500,300,16,0.49,50,533,MEDIUM,MEDIUM
Technology,100,2000,21,0.51,23,238,CRITICAL,CRITICAL
Concert,500,2000,4,0.21,57,161,MEDIUM,MEDIUM
Sports,1500,300,5,0.91,24,82,CRITICAL,CRITICAL
Sports,100,0,26,0.64,38,706,CRITICAL,CRITICAL
Cultural,100,300,28,0.5,17,255,CRITICAL,CRITICAL
Sports,2000,0,23,0.1,50,611,LOW,LOW
Cultural,1500,250,6,0.28,23,89,LOW,LOW
Workshop,100,2000,3,0.81,35,60,CRITICAL,CRITICAL
Technology,800,0,16,0.21,73,630,HIGH,HIGH
Show,200,1000,15,0.47,29,310,CRITICAL,CRITICAL
Technology,1000,0,23,0.87,40,595,CRITICAL,CRITICAL
Workshop,200,250,19,0.19,34,427,CRITICAL,CRITICAL
Cultural,800,0,8,0.94,58,329,CRITICAL,CRITICAL
Show,1000,300,9,0.44,40,255,MEDIUM,MEDIUM
Technology,100,300,4,0.7,43,85,CRITICAL,CRITICAL
Show,2000,250,15,0.25,24,203,LOW,LOW
Sports,1000,1000,29,0.65,35,581,CRITICAL,CRITICAL
Workshop,1500,250,26,0.49,55,709,HIGH,HIGH
Workshop,800,1000,23,0.39,31,507,HIGH,HIGH
Cultural,2000,500,6,0.22,32,120,LOW,LOW
Technology,100,1500,9,0.35,40,241,CRITICAL,CRITICAL
Sports,1500,750,21,0.17,39,511,MEDIUM,MEDIUM
Concert,1000,300,7,0.38,58,278,MEDIUM,MEDIUM
Technology,800,2000,13,0.58,61,484,CRITICAL,CRITICAL
Workshop,1500,1000,19,0.5,11,131,MEDIUM,MEDIUM
Show,100,750,30,0.64,22,366,CRITICAL,CRITICAL
Sports,200,1500,28,0.29,25,356,CRITICAL,CRITICAL
Technology,1500,1000,2,0.28,23,32,LOW,LOW
Cultural,800,750,3,0.68,31,58,HIGH,HIGH
Technology,2000,500,16,0.48,29,316,MEDIUM,MEDIUM
Sports,1500,250,12,0.22,29,218,LOW,LOW
Workshop,1000,500,19,0.91,40,503,CRITICAL,CRITICAL
Technology,1500,300,7,0.32,51,247,LOW,LOW
Show,500,1500,25,0.85,16,213,CRITICAL,CRITICAL
Concert,500,1500,8,0.36,46,263,MEDIUM,MEDIUM
Cultural,800,300,26,0.28,46,662,HIGH,HIGH
Workshop,1000,250,20,0.89,42,464,CRITICAL,CRITICAL
Cultural,2000,500,6,0.68,40,165,HIGH,HIGH
Technology,1000,300,10,0.28,60,358,MEDIUM,MEDIUM
Sports,2000,2000,19,0.12,27,279,LOW,LOW
Cultural,100,0,7,0.48,50,192,CRITICAL,CRITICAL
Workshop,100,2000,1,0.32,24,14,LOW,LOW
Sports,100,1000,2,0.88,7,7,CRITICAL,CRITICAL
Show,100,1500,5,0.43,9,25,MEDIUM,MEDIUM
Concert,2000,1500,3,0.75,60,122,HIGH,HIGH
Cultural,500,2000,21,0.92,40,428,CRITICAL,CRITICAL
Show,2000,300,19,0.73,26,311,HIGH,HIGH
Show,1000,0,8,0.17,43,225,LOW,LOW
Concert,2000,1000,25,0.36,28,502,MEDIUM,MEDIUM
Show,100,300,3,0.58,22,40,HIGH,HIGH
Technology,500,750,26,0.53,50,634,CRITICAL,CRITICAL
Workshop,800,500,5,0.65,6,19,MEDIUM,MEDIUM
Sports,1500,2000,12,0.78,39,315,HIGH,HIGH
Show,1500,750,23,0.34,25,296,LOW,LOW
Show,1000,250,9,0.54,44,225,MEDIUM,MEDIUM
Show,500,750,11,0.82,11,78,HIGH,HIGH
Show,100,1500,13,0.89,16,112,CRITICAL,CRITICAL
Cultural,100,750,28,0.87,14,256,CRITICAL,CRITICAL
Workshop,1000,500,21,0.46,8,94,MEDIUM,MEDIUM
Show,100,250,11,0.87,34,190,CRITICAL,CRITICAL
Cultural,800,300,7,0.44,45,214,MEDIUM,MEDIUM
Concert,1500,1500,9,0.89,42,194,CRITICAL,CRITICAL
Cultural,1500,300,20,0.88,36,472,CRITICAL,CRITICAL
Show,1000,1500,22,0.75,30,453,CRITICAL,CRITICAL
Workshop,1000,1500,3,0.46,8,12,MEDIUM,MEDIUM
Concert,800,1000,28,0.37,35,681,CRITICAL,CRITICAL
Technology,500,0,1,0.13,61,31,LOW,LOW
Workshop,2000,750,14,0.38,28,236,MEDIUM,MEDIUM
Show,100,0,8,0.77,42,168,CRITICAL,CRITICAL
Cultural,1000,1000,3,0.5,29,56,MEDIUM,MEDIUM
Technology,500,1500,30,0.42,53,766,CRITICAL,CRITICAL
Show,2000,750,20,0.23,18,228,LOW,LOW
Workshop,1500,500,19,0.44,6,55,MEDIUM,MEDIUM
Sports,2000,1500,17,0.82,40,478,CRITICAL,CRITICAL
Technology,2000,250,24,0.1,40,684,LOW,LOW
Cultural,500,2000,30,0.53,28,550,CRITICAL,CRITICAL
Workshop,1000,1500,18,0.63,40,356,HIGH,HIGH
Sports,800,1000,8,0.62,21,120,MEDIUM,MEDIUM
Cultural,800,250,21,0.85,32,353,CRITICAL,CRITICAL
Show,2000,300,25,0.28,37,451,LOW,LOW
Show,800,750,26,0.57,23,308,HIGH,HIGH
Cultural,500,750,1,0.6,22,12,MEDIUM,MEDIUM
Cultural,1000,0,25,0.39,52,850,CRITICAL,CRITICAL
Concert,200,0,17,0.4,72,857,CRITICAL,CRITICAL
Cultural,100,2000,7,0.11,24,109,CRITICAL,CRITICAL
Technology,100,1500,13,0.16,24,163,CRITICAL,CRITICAL
Cultural,800,500,28,0.2,26,380,MEDIUM,MEDIUM
Concert,1500,300,24,0.81,55,720,CRITICAL,CRITICAL
Concert,1500,1000,13,0.91,50,362,CRITICAL,CRITICAL
Cultural,200,0,11,0.75,33,249,CRITICAL,CRITICAL
Workshop,1500,1000,30,0.55,10,144,MEDIUM,MEDIUM
Cultural,100,0,29,0.85,37,562,CRITICAL,CRITICAL
Cultural,500,1000,26,0.48,26,414,CRITICAL,CRITICAL
Concert,1500,250,10,0.15,66,337,LOW,LOW
Sports,200,300,25,0.65,19,302,CRITICAL,CRITICAL
Cultural,500,300,10,0.33,43,308,HIGH,HIGH
Technology,800,250,7,0.7,68,287,HIGH,HIGH
Cultural,500,1500,1,0.29,40,23,LOW,LOW
Show,800,300,18,0.21,41,517,MEDIUM,MEDIUM
Technology,2000,1000,8,0.91,50,221,CRITICAL,CRITICAL
Technology,800,1500,11,0.58,51,354,HIGH,HIGH
Show,500,300,18,0.85,18,181,CRITICAL,CRITICAL
Workshop,100,250,22,0.39,35,493,CRITICAL,CRITICAL
Sports,500,1000,7,0.49,25,113,MEDIUM,MEDIUM
Show,2000,500,9,0.87,9,49,CRITICAL,CRITICAL
Technology,200,750,20,0.37,44,441,CRITICAL,CRITICAL
Cultural,1500,1000,28,0.46,24,325,MEDIUM,MEDIUM
Cultural,2000,750,6,0.7,18,74,HIGH,HIGH
Show,800,750,9,0.19,29,137,LOW,LOW
Show,200,1000,14,0.21,38,286,CRITICAL,CRITICAL
Cultural,500,250,2,0.48,46,56,MEDIUM,MEDIUM
Cultural,100,1000,8,0.67,21,107,CRITICAL,CRITICAL
Show,2000,300,10,0.17,37,238,LOW,LOW
Cultural,800,2000,10,0.5,34,199,MEDIUM,MEDIUM
Cultural,500,0,23,0.17,48,532,CRITICAL,CRITICAL
Show,1500,1000,11,0.42,21,128,MEDIUM,MEDIUM
Concert,1000,300,30,0.56,42,812,CRITICAL,CRITICAL
Show,200,1000,17,0.52,19,156,CRITICAL,CRITICAL
Technology,1500,250,1,0.28,52,36,LOW,LOW
Show,1500,500,27,0.16,14,238,LOW,LOW
Cultural,500,2000,8,0.21,25,125,LOW,LOW
Technology,1000,500,23,0.79,63,761,CRITICAL,CRITICAL
Technology,1500,750,1,0.62,50,34,MEDIUM,MEDIUM
Cultural,100,300,3,0.53,25,49,HIGH,HIGH
Workshop,200,1000,14,0.92,6,55,CRITICAL,CRITICAL
Cultural,1000,2000,12,0.54,23,173,MEDIUM,MEDIUM
Cultural,1000,300,13,0.85,41,337,CRITICAL,CRITICAL
Sports,2000,250,15,0.12,31,299,LOW,LOW
Sports,1500,1000,7,0.38,18,76,MEDIUM,MEDIUM
Concert,100,1500,6,0.2,24,91,HIGH,HIGH
Concert,500,250,20,0.63,69,783,CRITICAL,CRITICAL
Sports,800,1000,28,0.2,39,771,CRITICAL,CRITICAL
Concert,2000,1500,4,0.73,44,120,HIGH,HIGH
Cultural,2000,2000,29,0.64,23,371,MEDIUM,MEDIUM
Concert,1000,2000,4,0.52,51,142,MEDIUM,MEDIUM
Show,800,750,17,0.17,25,214,LOW,LOW
Sports,1500,1500,7,0.14,24,102,LOW,LOW
Show,800,2000,15,0.94,6,56,CRITICAL,CRITICAL
Workshop,200,300,30,0.8,51,969,CRITICAL,CRITICAL
Technology,100,500,19,0.14,55,629,CRITICAL,CRITICAL
Technology,1000,1000,23,0.48,42,573,HIGH,HIGH
Technology,1000,1000,14,0.79,24,164,HIGH,HIGH
Sports,1500,250,2,0.88,25,25,CRITICAL,CRITICAL
Workshop,2000,0,3,0.45,18,33,MEDIUM,MEDIUM
Cultural,100,2000,27,0.94,33,495,CRITICAL,CRITICAL
Concert,1500,250,29,0.2,51,1044,HIGH,HIGH
Concert,1000,750,28,0.56,57,895,CRITICAL,CRITICAL
Cultural,800,0,9,0.18,26,153,LOW,LOW
Concert,500,300,12,0.31,51,404,HIGH,HIGH
Technology,500,300,25,0.79,52,817,CRITICAL,CRITICAL
Cultural,1000,1000,12,0.42,16,94,MEDIUM,MEDIUM
Sports,200,500,26,0.68,23,303,CRITICAL,CRITICAL
Workshop,1000,2000,8,0.8,18,87,HIGH,HIGH
Concert,200,750,5,0.84,57,144,CRITICAL,CRITICAL
Workshop,1000,2000,2,0.68,29,31,HIGH,HIGH
Concert,1000,1000,1,0.71,45,28,HIGH,HIGH
Show,100,0,3,0.44,50,85,CRITICAL,CRITICAL
Cultural,100,2000,6,0.55,18,62,CRITICAL,CRITICAL
Cultural,800,750,19,0.8,34,327,CRITICAL,CRITICAL
Sports,2000,300,23,0.73,34,382,HIGH,HIGH
Show,500,1000,16,0.77,25,254,CRITICAL,CRITICAL
Show,1500,500,29,0.69,16,260,HIGH,HIGH
Cultural,500,2000,19,0.47,7,90,MEDIUM,MEDIUM
Show,1000,0,25,0.25,31,434,MEDIUM,MEDIUM
Concert,100,300,26,0.63,58,846,CRITICAL,CRITICAL
Concert,800,500,21,0.49,42,584,CRITICAL,CRITICAL
Sports,2000,1000,23,0.76,37,578,CRITICAL,CRITICAL
Concert,100,2000,6,0.74,59,170,CRITICAL,CRITICAL
Technology,1000,300,25,0.58,35,478,HIGH,HIGH
Show,1500,500,29,0.21,39,710,MEDIUM,MEDIUM
Workshop,1000,500,26,0.8,9,146,HIGH,HIGH
Technology,2000,250,12,0.92,49,369,CRITICAL,CRITICAL
Concert,800,500,28,0.35,45,703,CRITICAL,CRITICAL
Technology,1500,250,23,0.94,72,1098,CRITICAL,CRITICAL
Show,1500,0,6,0.57,28,113,MEDIUM,MEDIUM
Show,100,300,18,0.88,49,462,CRITICAL,CRITICAL
Show,2000,250,7,0.82,27,118,HIGH,HIGH
Concert,1000,0,24,0.24,62,868,HIGH,HIGH
Technology,2000,300,1,0.18,55,39,LOW,LOW
Sports,200,250,14,0.72,40,278,CRITICAL,CRITICAL
Sports,100,500,5,0.42,22,73,CRITICAL,CRITICAL
Technology,800,1000,5,0.33,40,110,LOW,LOW
Show,2000,300,22,0.24,35,427,LOW,LOW
Sports,100,250,17,0.75,36,341,CRITICAL,CRITICAL
Concert,200,750,19,0.3,61,576,CRITICAL,CRITICAL
Technology,1000,250,2,0.44,65,91,MEDIUM,MEDIUM
Sports,1000,250,19,0.81,23,275,CRITICAL,CRITICAL
Sports,1500,750,4,0.3,32,69,LOW,LOW
Sports,200,1500,21,0.15,34,366,CRITICAL,CRITICAL
Cultural,1000,750,27,0.36,39,523,MEDIUM,MEDIUM
Cultural,2000,1000,1,0.12,14,7,LOW,LOW
Cultural,2000,1500,11,0.2,29,155,LOW,LOW
Cultural,500,500,6,0.49,13,50,MEDIUM,MEDIUM
Sports,1500,1500,1,0.34,19,9,LOW,LOW
Workshop,100,250,29,0.11,52,899,CRITICAL,CRITICAL
Workshop,500,0,30,0.77,39,699,CRITICAL,CRITICAL
Concert,100,1000,28,0.44,31,499,CRITICAL,CRITICAL
Show,2000,1500,15,0.56,23,197,MEDIUM,MEDIUM
Sports,800,1500,24,0.69,14,235,HIGH,HIGH
Cultural,2000,0,24,0.31,40,586,MEDIUM,MEDIUM
Show,1000,500,23,0.9,34,401,CRITICAL,CRITICAL
Technology,200,2000,3,0.36,36,68,MEDIUM,MEDIUM
Sports,200,300,7,0.62,28,132,CRITICAL,CRITICAL
Workshop,200,750,30,0.84,22,380,CRITICAL,CRITICAL
Sports,200,0,24,0.72,23,288,CRITICAL,CRITICAL
Sports,200,500,19,0.76,27,364,CRITICAL,CRITICAL
Workshop,800,1000,28,0.47,6,112,MEDIUM,MEDIUM
Concert,500,1000,28,0.86,45,725,CRITICAL,CRITICAL
Cultural,200,500,12,0.47,24,202,CRITICAL,CRITICAL
Concert,500,250,15,0.29,70,669,CRITICAL,CRITICAL
Sports,2000,1500,29,0.4,21,376,MEDIUM,MEDIUM
Show,200,1000,5,0.42,24,81,MEDIUM,MEDIUM
Concert,100,2000,23,0.52,45,712,CRITICAL,CRITICAL
Technology,1500,300,4,0.63,32,89,MEDIUM,MEDIUM
Workshop,800,1500,28,0.12,32,507,MEDIUM,MEDIUM
Sports,500,2000,3,0.82,13,19,HIGH,HIGH
Technology,500,250,3,0.7,69,126,HIGH,HIGH
Cultural,100,750,20,0.53,30,425,CRITICAL,CRITICAL
Workshop,800,1000,24,0.16,16,201,LOW,LOW
Workshop,2000,300,17,0.73,40,426,HIGH,HIGH
Workshop,200,300,10,0.39,19,116,HIGH,HIGH
Sports,2000,250,16,0.71,23,204,HIGH,HIGH
Cultural,1000,750,18,0.25,23,202,LOW,LOW
Concert,100,750,9,0.91,68,413,CRITICAL,CRITICAL
Technology,800,500,22,0.77,46,550,CRITICAL,CRITICAL
Sports,200,500,17,0.82,31,352,CRITICAL,CRITICAL
Sports,2000,1000,9,0.72,28,168,HIGH,HIGH
Concert,1500,2000,17,0.87,33,299,CRITICAL,CRITICAL
Concert,2000,500,18,0.21,37,370,LOW,LOW
Workshop,1500,1500,21,0.13,33,395,LOW,LOW
Concert,200,300,21,0.17,66,887,CRITICAL,CRITICAL
Cultural,800,1500,3,0.4,8,12,MEDIUM,MEDIUM
Sports,500,250,10,0.18,55,323,MEDIUM,MEDIUM
Show,500,1000,3,0.69,39,80,HIGH,HIGH
Cultural,1000,750,8,0.5,26,137,MEDIUM,MEDIUM
Concert,2000,1000,16,0.63,22,200,MEDIUM,MEDIUM
Workshop,500,300,29,0.4,46,762,CRITICAL,CRITICAL
Cultural,2000,2000,26,0.67,19,346,HIGH,HIGH
Show,1000,500,3,0.57,20,29,MEDIUM,MEDIUM
Workshop,1500,1000,12,0.37,31,260,MEDIUM,MEDIUM
Sports,100,250,9,0.11,24,116,CRITICAL,CRITICAL
Cultural,100,250,24,0.21,27,445,CRITICAL,CRITICAL
Show,500,2000,14,0.14,24,190,MEDIUM,MEDIUM
Technology,100,0,21,0.25,75,992,CRITICAL,CRITICAL
Concert,1500,1500,27,0.71,52,999,CRITICAL,CRITICAL
Technology,800,750,8,0.1,47,221,LOW,LOW
Concert,1000,0,12,0.8,52,331,CRITICAL,CRITICAL
Technology,1000,300,13,0.64,51,384,HIGH,HIGH
Sports,200,0,5,0.62,36,117,CRITICAL,CRITICAL
Show,1000,1000,9,0.55,31,188,MEDIUM,MEDIUM
Concert,1500,750,24,0.18,17,261,LOW,LOW
Show,200,500,8,0.66,32,132,CRITICAL,CRITICAL
Concert,1500,0,3,0.51,60,86,MEDIUM,MEDIUM
Sports,800,250,6,0.74,35,139,HIGH,HIGH
Workshop,1000,2000,11,0.64,19,142,MEDIUM,MEDIUM
Cultural,800,300,27,0.32,40,549,HIGH,HIGH
Technology,1500,300,14,0.56,32,274,MEDIUM,MEDIUM
Workshop,500,750,7,0.87,33,120,CRITICAL,CRITICAL
Cultural,200,0,11,0.46,27,145,CRITICAL,CRITICAL
Cultural,100,250,19,0.2,30,389,CRITICAL,CRITICAL
Workshop,1500,1000,27,0.84,33,565,CRITICAL,CRITICAL
Show,800,750,4,0.7,29,74,HIGH,HIGH
Cultural,200,1500,4,0.72,9,17,HIGH,HIGH
Cultural,500,750,10,0.46,20,107,MEDIUM,MEDIUM
Show,500,750,27,0.31,35,554,CRITICAL,CRITICAL
Cultural,100,250,12,0.17,42,272,CRITICAL,CRITICAL
Concert,1000,0,16,0.94,54,568,CRITICAL,CRITICAL
Sports,800,500,10,0.75,20,115,HIGH,HIGH
Sports,200,1000,29,0.71,14,219,CRITICAL,CRITICAL
Show,200,2000,19,0.56,28,327,CRITICAL,CRITICAL
Sports,2000,0,18,0.22,15,163,LOW,LOW
Workshop,100,1000,1,0.76,18,12,HIGH,HIGH
Workshop,800,300,26,0.21,25,316,MEDIUM,MEDIUM
Workshop,500,500,25,0.37,20,331,HIGH,HIGH
Sports,2000,250,17,0.94,11,125,CRITICAL,CRITICAL
Show,2000,300,24,0.57,33,440,MEDIUM,MEDIUM
Show,200,1500,17,0.51,35,360,CRITICAL,CRITICAL
Show,1000,500,19,0.35,9,82,LOW,LOW
Concert,500,0,2,0.91,71,97,CRITICAL,CRITICAL
Concert,100,500,3,0.55,29,57,CRITICAL,CRITICAL
Workshop,500,500,3,0.89,18,32,CRITICAL,CRITICAL
Sports,2000,1500,8,0.56,25,134,MEDIUM,MEDIUM
Sports,1000,300,26,0.33,46,619,HIGH,HIGH
Workshop,100,300,16,0.54,32,283,CRITICAL,CRITICAL
Show,200,2000,30,0.3,9,182,CRITICAL,CRITICAL
Show,2000,300,19,0.61,20,239,MEDIUM,MEDIUM
Cultural,1000,1000,20,0.54,39,451,HIGH,HIGH
Technology,1000,500,19,0.78,38,364,CRITICAL,CRITICAL
Concert,500,500,30,0.15,33,678,CRITICAL,CRITICAL
Show,1500,300,15,0.28,28,220,LOW,LOW
Technology,1000,2000,25,0.73,43,573,CRITICAL,CRITICAL
Sports,1000,1500,18,0.15,24,278,LOW,LOW
Cultural,200,1500,18,0.64,7,81,HIGH,HIGH
Cultural,800,500,19,0.81,23,277,CRITICAL,CRITICAL
Sports,100,300,21,0.73,22,316,CRITICAL,CRITICAL
Sports,800,1500,4,0.8,34,94,HIGH,HIGH
Cultural,500,0,25,0.14,53,638,CRITICAL,CRITICAL
Show,800,1500,10,0.38,27,142,MEDIUM,MEDIUM
Technology,500,0,30,0.43,56,876,CRITICAL,CRITICAL
Cultural,1000,1000,7,0.95,38,145,CRITICAL,CRITICAL
Workshop,100,300,16,0.87,47,540,CRITICAL,CRITICAL
Show,1000,2000,12,0.44,16,127,MEDIUM,MEDIUM
Concert,1500,0,6,0.43,61,207,MEDIUM,MEDIUM
Workshop,1000,2000,30,0.72,8,165,HIGH,HIGH
Sports,1500,300,10,0.93,26,144,CRITICAL,CRITICAL
Show,1000,750,7,0.68,9,31,HIGH,HIGH
Workshop,500,1500,29,0.72,35,707,CRITICAL,CRITICAL
Show,500,0,18,0.63,52,552,CRITICAL,CRITICAL
Cultural,1500,0,2,0.64,26,29,MEDIUM,MEDIUM
Sports,500,500,15,0.24,17,150,LOW,LOW
Show,2000,750,1,0.14,27,14,LOW,LOW
Sports,800,750,5,0.2,37,120,LOW,LOW
Technology,800,1500,28,0.47,26,460,HIGH,HIGH
Show,1000,0,18,0.6,37,425,HIGH,HIGH
Show,200,0,11,0.9,33,213,CRITICAL,CRITICAL
Concert,1000,2000,6,0.78,41,150,HIGH,HIGH
Cultural,500,500,13,0.12,10,82,LOW,LOW
Workshop,1000,500,16,0.43,23,182,MEDIUM,MEDIUM
Show,1500,500,21,0.85,6,79,HIGH,HIGH
Cultural,100,500,1,0.54,16,10,MEDIUM,MEDIUM
Show,2000,500,5,0.26,34,116,LOW,LOW
Workshop,500,1500,14,0.81,36,345,CRITICAL,CRITICAL
Concert,200,1500,3,0.59,24,50,MEDIUM,MEDIUM
Workshop,800,300,28,0.59,37,621,CRITICAL,CRITICAL
Cultural,2000,1000,5,0.9,26,71,CRITICAL,CRITICAL
Cultural,100,300,22,0.2,16,170,CRITICAL,CRITICAL
Concert,100,500,21,0.88,55,629,CRITICAL,CRITICAL
Show,200,300,13,0.52,30,254,CRITICAL,CRITICAL
Concert,800,0,14,0.71,61,522,CRITICAL,CRITICAL
Sports,200,1000,2,0.78,38,39,HIGH,HIGH
Technology,1500,2000,16,0.47,30,319,MEDIUM,MEDIUM
Sports,1000,750,24,0.82,9,104,HIGH,HIGH
Workshop,200,250,3,0.18,15,30,LOW,LOW
Cultural,800,1000,14,0.77,31,246,CRITICAL,CRITICAL
Cultural,200,1000,28,0.59,25,496,CRITICAL,CRITICAL
Show,500,0,1,0.49,15,10,MEDIUM,MEDIUM
Sports,500,300,2,0.13,31,35,LOW,LOW
Technology,1000,250,7,0.23,64,271,LOW,LOW
Technology,500,0,13,0.12,65,599,CRITICAL,CRITICAL
Sports,2000,300,6,0.59,24,79,MEDIUM,MEDIUM
Technology,2000,250,21,0.61,67,755,HIGH,HIGH
Sports,1500,500,18,0.2,21,213,LOW,LOW
Sports,1000,1000,11,0.17,24,146,LOW,LOW
Concert,2000,1000,9,0.29,33,205,LOW,LOW
Technology,200,750,7,0.36,31,120,HIGH,HIGH
Concert,800,500,23,0.55,27,323,HIGH,HIGH
Concert,1500,1000,23,0.47,59,752,HIGH,HIGH
Sports,800,1000,12,0.49,37,306,MEDIUM,MEDIUM
Workshop,1500,1000,10,0.36,17,107,MEDIUM,MEDIUM
Concert,200,1500,19,0.82,45,446,CRITICAL,CRITICAL
Cultural,2000,250,19,0.74,37,422,HIGH,HIGH
Technology,100,500,26,0.29,68,905,CRITICAL,CRITICAL
Cultural,100,300,14,0.41,38,310,CRITICAL,CRITICAL
Show,2000,250,5,0.27,52,182,LOW,LOW
Cultural,1000,0,21,0.68,36,538,CRITICAL,CRITICAL
Concert,800,750,3,0.52,40,66,MEDIUM,MEDIUM
Sports,500,300,2,0.22,32,40,LOW,LOW
Show,1000,0,14,0.89,28,211,CRITICAL,CRITICAL
Sports,500,1500,10,0.22,11,74,LOW,LOW
Cultural,1500,0,16,0.47,39,361,MEDIUM,MEDIUM
Workshop,500,1000,2,0.41,8,10,MEDIUM,MEDIUM
Sports,1000,250,23,0.29,33,545,MEDIUM,MEDIUM
Technology,1500,300,10,0.13,66,342,LOW,LOW
Concert,200,250,7,0.3,48,188,CRITICAL,CRITICAL
Show,2000,1500,21,0.43,33,413,MEDIUM,MEDIUM
Cultural,100,500,9,0.85,19,112,CRITICAL,CRITICAL
Sports,200,750,4,0.61,38,101,CRITICAL,CRITICAL
Workshop,2000,1000,4,0.36,22,47,MEDIUM,MEDIUM
Show,500,750,7,0.12,36,136,LOW,LOW
Workshop,200,250,18,0.57,38,472,CRITICAL,CRITICAL
Technology,800,750,21,0.2,39,515,MEDIUM,MEDIUM
Sports,2000,1500,23,0.84,30,366,HIGH,HIGH
Workshop,100,750,13,0.2,18,147,CRITICAL,CRITICAL
Concert,100,500,23,0.51,57,739,CRITICAL,CRITICAL
Cultural,1500,1500,22,0.74,23,275,HIGH,HIGH
Workshop,2000,1500,11,0.67,15,83,HIGH,HIGH
Concert,500,300,7,0.9,45,177,CRITICAL,CRITICAL
Concert,500,250,29,0.25,60,863,CRITICAL,CRITICAL
Technology,1500,300,1,0.36,41,20,MEDIUM,MEDIUM
Show,1000,750,26,0.37,6,90,MEDIUM,MEDIUM
Sports,2000,500,24,0.4,27,312,MEDIUM,MEDIUM
Workshop,2000,300,16,0.88,38,416,CRITICAL,CRITICAL
Concert,1000,2000,12,0.73,38,270,HIGH,HIGH
Sports,200,300,3,0.11,16,25,LOW,LOW
Sports,500,250,7,0.44,21,93,MEDIUM,MEDIUM
Workshop,2000,750,7,0.94,21,94,CRITICAL,CRITICAL
Sports,500,750,29,0.92,36,635,CRITICAL,CRITICAL
Concert,2000,1000,14,0.68,64,519,HIGH,HIGH
Technology,100,300,28,0.16,66,914,CRITICAL,CRITICAL
Workshop,100,1500,26,0.84,27,384,CRITICAL,CRITICAL
Cultural,100,1000,20,0.82,39,514,CRITICAL,CRITICAL
Technology,200,300,5,0.69,42,129,CRITICAL,CRITICAL
Sports,100,300,17,0.38,45,369,CRITICAL,CRITICAL
Cultural,1000,1500,28,0.65,36,533,CRITICAL,CRITICAL
Cultural,2000,250,8,0.55,44,215,MEDIUM,MEDIUM
Show,1500,1000,28,0.34,10,191,LOW,LOW
Workshop,1500,1000,17,0.6,27,288,MEDIUM,MEDIUM
Show,100,2000,10,0.47,13,72,CRITICAL,CRITICAL
Workshop,1000,250,5,0.33,38,116,LOW,LOW
Technology,800,300,8,0.9,50,197,CRITICAL,CRITICAL
Concert,500,750,27,0.75,39,706,CRITICAL,CRITICAL
Technology,800,500,14,0.89,52,495,CRITICAL,CRITICAL
Technology,800,500,8,0.65,53,216,MEDIUM,MEDIUM
Concert,2000,1000,20,0.2,41,446,LOW,LOW
Workshop,200,1500,2,0.9,19,26,CRITICAL,CRITICAL
Sports,500,500,30,0.27,29,535,CRITICAL,CRITICAL
Technology,500,0,27,0.65,52,700,CRITICAL,CRITICAL
Technology,100,1000,19,0.14,36,457,CRITICAL,CRITICAL
Sports,100,2000,16,0.46,10,109,CRITICAL,CRITICAL
Cultural,800,1000,26,0.31,35,606,HIGH,HIGH
Technology,200,250,1,0.45,74,50,MEDIUM,MEDIUM
Concert,200,1000,30,0.61,54,1007,CRITICAL,CRITICAL
Sports,1000,300,18,0.76,46,446,CRITICAL,CRITICAL
Concert,200,300,19,0.94,59,734,CRITICAL,CRITICAL
Cultural,100,750,23,0.32,37,543,CRITICAL,CRITICAL
Sports,200,500,22,0.94,24,313,CRITICAL,CRITICAL
Concert,1500,250,24,0.15,58,712,MEDIUM,MEDIUM
Technology,800,750,3,0.36,48,78,MEDIUM,MEDIUM
Show,800,500,13,0.54,14,95,MEDIUM,MEDIUM
Sports,800,750,15,0.92,7,54,CRITICAL,CRITICAL
Sports,1000,1000,13,0.66,32,230,HIGH,HIGH
Technology,100,1000,5,0.57,40,110,CRITICAL,CRITICAL
Workshop,200,0,26,0.61,27,452,CRITICAL,CRITICAL
Workshop,100,750,30,0.66,5,83,CRITICAL,CRITICAL
Concert,500,250,12,0.46,60,429,CRITICAL,CRITICAL
Concert,1500,300,26,0.55,73,1130,CRITICAL,CRITICAL
Cultural,100,250,15,0.45,52,409,CRITICAL,CRITICAL
Show,1000,300,15,0.51,19,190,MEDIUM,MEDIUM
Workshop,1000,300,4,0.3,40,77,LOW,LOW
Technology,100,2000,14,0.94,39,307,CRITICAL,CRITICAL
Concert,2000,2000,7,0.19,62,236,LOW,LOW
Technology,200,500,9,0.92,64,330,CRITICAL,CRITICAL
Cultural,100,0,14,0.42,41,339,CRITICAL,CRITICAL
Cultural,200,1500,16,0.95,37,371,CRITICAL,CRITICAL
Technology,100,300,17,0.58,55,495,CRITICAL,CRITICAL
Sports,200,250,3,0.76,36,60,CRITICAL,CRITICAL
Show,100,300,22,0.42,33,439,CRITICAL,CRITICAL
Show,1500,500,16,0.82,31,340,CRITICAL,CRITICAL
Cultural,800,750,29,0.34,20,383,MEDIUM,MEDIUM
Sports,100,750,18,0.51,20,222,CRITICAL,CRITICAL
Workshop,200,750,2,0.9,39,48,CRITICAL,CRITICAL
Sports,100,1000,5,0.44,9,31,MEDIUM,MEDIUM
Concert,200,250,9,0.26,56,299,CRITICAL,CRITICAL
Workshop,200,250,1,0.66,41,22,HIGH,HIGH
Cultural,200,0,13,0.88,38,334,CRITICAL,CRITICAL
Concert,1500,0,11,0.27,68,470,MEDIUM,MEDIUM
Technology,2000,2000,26,0.7,55,817,CRITICAL,CRITICAL
Technology,2000,500,21,0.4,39,403,MEDIUM,MEDIUM
Workshop,200,300,20,0.59,46,633,CRITICAL,CRITICAL
Sports,800,1500,14,0.28,9,88,LOW,LOW
Workshop,100,1500,10,0.24,40,246,CRITICAL,CRITICAL
Sports,500,750,25,0.12,37,563,CRITICAL,CRITICAL
Concert,2000,1500,1,0.18,52,33,LOW,LOW
Cultural,100,250,29,0.94,45,726,CRITICAL,CRITICAL
Sports,1500,2000,23,0.37,30,472,MEDIUM,MEDIUM
Show,1000,0,22,0.2,26,394,MEDIUM,MEDIUM
Workshop,100,1500,2,0.66,30,29,HIGH,HIGH
Workshop,200,1000,28,0.91,7,117,CRITICAL,CRITICAL
Sports,100,300,16,0.29,21,189,CRITICAL,CRITICAL
Technology,1500,750,8,0.31,50,237,LOW,LOW
Concert,200,500,24,0.59,40,689,CRITICAL,CRITICAL
Workshop,200,0,2,0.56,44,59,MEDIUM,MEDIUM
Technology,200,2000,3,0.15,30,49,LOW,LOW
Workshop,200,250,12,0.93,32,216,CRITICAL,CRITICAL
Concert,100,300,25,0.25,61,872,CRITICAL,CRITICAL
Workshop,1000,750,10,0.94,20,133,CRITICAL,CRITICAL
Technology,1500,300,13,0.75,55,397,HIGH,HIGH
Concert,1000,2000,3,0.17,31,49,LOW,LOW
Concert,1000,750,28,0.61,25,432,HIGH,HIGH
Concert,2000,250,15,0.73,64,468,HIGH,HIGH
Sports,1500,500,7,0.37,30,120,MEDIUM,MEDIUM
Cultural,800,1500,15,0.34,23,205,LOW,LOW
Workshop,200,250,26,0.81,42,755,CRITICAL,CRITICAL
Show,2000,1500,16,0.17,14,119,LOW,LOW
Sports,500,1000,21,0.84,15,212,CRITICAL,CRITICAL
Concert,200,0,3,0.19,54,83,MEDIUM,MEDIUM
Cultural,200,1000,20,0.21,39,410,CRITICAL,CRITICAL
Concert,800,1000,16,0.77,34,263,CRITICAL,CRITICAL
Technology,800,1000,17,0.63,44,398,CRITICAL,CRITICAL
Technology,2000,500,21,0.14,45,539,LOW,LOW
Concert,1500,0,6,0.95,56,188,CRITICAL,CRITICAL
Show,200,750,9,0.36,35,156,CRITICAL,CRITICAL
Technology,1500,1500,21,0.78,45,604,CRITICAL,CRITICAL
Sports,800,1500,25,0.38,15,255,MEDIUM,MEDIUM
Sports,200,0,28,0.64,45,790,CRITICAL,CRITICAL
Cultural,2000,250,8,0.45,45,259,MEDIUM,MEDIUM
Cultural,200,300,22,0.9,55,774,CRITICAL,CRITICAL
Cultural,1000,300,18,0.61,40,416,HIGH,HIGH
Cultural,500,2000,12,0.91,5,36,CRITICAL,CRITICAL
Workshop,800,2000,17,0.17,9,84,LOW,LOW
Workshop,100,1000,1,0.61,35,17,MEDIUM,MEDIUM
Sports,2000,300,13,0.14,49,337,LOW,LOW
Show,1000,1000,6,0.52,11,38,MEDIUM,MEDIUM
Cultural,200,300,14,0.76,31,243,CRITICAL,CRITICAL
Sports,200,1000,16,0.44,24,193,CRITICAL,CRITICAL
Sports,800,2000,2,0.59,40,41,MEDIUM,MEDIUM
Sports,500,300,10,0.23,52,363,HIGH,HIGH
Technology,200,1500,17,0.26,43,351,CRITICAL,CRITICAL
Cultural,800,1000,22,0.93,28,400,CRITICAL,CRITICAL
Cultural,1000,250,30,0.48,15,305,MEDIUM,MEDIUM
Technology,200,0,15,0.64,52,389,CRITICAL,CRITICAL
Cultural,800,300,1,0.27,20,10,LOW,LOW
Technology,1500,1000,4,0.59,58,134,MEDIUM,MEDIUM
Sports,2000,500,1,0.7,17,9,HIGH,HIGH
Show,1000,2000,9,0.5,25,124,MEDIUM,MEDIUM
Cultural,500,250,2,0.94,22,25,CRITICAL,CRITICAL
Technology,200,500,13,0.15,57,365,CRITICAL,CRITICAL
Technology,100,1500,23,0.62,49,625,CRITICAL,CRITICAL
Show,1500,1500,28,0.28,7,135,LOW,LOW
Show,100,750,9,0.24,35,201,CRITICAL,CRITICAL
Sports,100,300,29,0.94,55,910,CRITICAL,CRITICAL
Concert,200,0,23,0.34,61,961,CRITICAL,CRITICAL
Workshop,500,250,1,0.41,42,20,MEDIUM,MEDIUM
Technology,800,2000,21,0.63,34,368,CRITICAL,CRITICAL
Concert,200,750,12,0.82,43,311,CRITICAL,CRITICAL
Sports,800,300,14,0.71,25,245,HIGH,HIGH
Workshop,1500,1500,21,0.95,11,132,CRITICAL,CRITICAL
Cultural,200,1500,26,0.58,27,418,CRITICAL,CRITICAL
Workshop,800,500,2,0.94,37,42,CRITICAL,CRITICAL
Cultural,1000,300,12,0.45,18,121,MEDIUM,MEDIUM
Technology,200,1500,14,0.7,28,227,CRITICAL,CRITICAL
Cultural,1000,250,5,0.36,51,170,MEDIUM,MEDIUM
Workshop,2000,250,18,0.18,15,133,LOW,LOW
Concert,1500,0,17,0.92,66,586,CRITICAL,CRITICAL
Workshop,800,250,27,0.46,37,536,CRITICAL,CRITICAL
Sports,1000,2000,24,0.1,37,582,MEDIUM,MEDIUM
Sports,100,750,11,0.29,30,177,CRITICAL,CRITICAL
Cultural,500,1000,23,0.4,27,381,CRITICAL,CRITICAL
Cultural,200,750,8,0.93,17,86,CRITICAL,CRITICAL
Cultural,100,1000,9,0.86,6,35,CRITICAL,CRITICAL
Workshop,1000,1500,25,0.38,8,136,MEDIUM,MEDIUM
Technology,1000,300,15,0.36,66,539,MEDIUM,MEDIUM
Show,2000,0,27,0.42,24,401,MEDIUM,MEDIUM
Sports,800,300,7,0.31,58,224,MEDIUM,MEDIUM
Workshop,100,250,1,0.26,28,17,LOW,LOW
Sports,100,2000,27,0.45,12,218,CRITICAL,CRITICAL
Cultural,800,750,16,0.75,6,46,HIGH,HIGH
Workshop,1000,1500,19,0.36,36,372,MEDIUM,MEDIUM
Technology,800,1500,28,0.18,29,393,MEDIUM,MEDIUM
Workshop,500,750,10,0.36,14,69,MEDIUM,MEDIUM
Sports,2000,750,19,0.85,28,354,HIGH,HIGH
Workshop,2000,300,20,0.75,42,541,HIGH,HIGH
Concert,1000,0,12,0.36,64,460,MEDIUM,MEDIUM
Cultural,1000,2000,28,0.22,38,583,MEDIUM,MEDIUM
Concert,1500,750,30,0.83,48,835,CRITICAL,CRITICAL
Technology,500,2000,6,0.25,44,133,LOW,LOW
Workshop,800,300,19,0.75,32,435,CRITICAL,CRITICAL
Show,100,1000,11,0.41,6,43,MEDIUM,MEDIUM
Workshop,800,1000,23,0.79,32,490,CRITICAL,CRITICAL
Concert,800,2000,18,0.86,66,743,CRITICAL,CRITICAL
Show,1000,500,9,0.78,12,69,HIGH,HIGH
Sports,1500,2000,4,0.42,10,27,MEDIUM,MEDIUM
Cultural,800,0,20,0.38,41,473,HIGH,HIGH
Sports,500,250,9,0.94,34,199,CRITICAL,CRITICAL
Workshop,800,1500,26,0.73,17,243,HIGH,HIGH
Show,200,300,28,0.64,41,723,CRITICAL,CRITICAL
Sports,500,750,18,0.78,29,328,CRITICAL,CRITICAL
Cultural,800,2000,12,0.7,30,204,HIGH,HIGH
Technology,2000,1500,18,0.71,46,582,HIGH,HIGH
Technology,2000,500,6,0.55,52,153,MEDIUM,MEDIUM
Sports,2000,500,1,0.46,27,15,MEDIUM,MEDIUM
Concert,500,1000,2,0.85,44,45,HIGH,HIGH
Show,200,0,18,0.54,37,413,CRITICAL,CRITICAL
Concert,1500,1000,27,0.93,30,415,CRITICAL,CRITICAL
Workshop,200,300,26,0.24,32,499,CRITICAL,CRITICAL
Cultural,100,250,4,0.77,22,52,CRITICAL,CRITICAL
Workshop,200,1500,24,0.23,40,599,CRITICAL,CRITICAL
Workshop,100,1000,27,0.17,30,571,CRITICAL,CRITICAL
Sports,500,750,26,0.19,37,527,CRITICAL,CRITICAL
Technology,200,1500,20,0.66,50,649,CRITICAL,CRITICAL
Cultural,800,300,5,0.88,34,111,CRITICAL,CRITICAL
Workshop,1500,1000,16,0.18,21,162,LOW,LOW
Sports,800,250,11,0.51,47,278,MEDIUM,MEDIUM
Cultural,100,1500,7,0.27,8,39,MEDIUM,MEDIUM
Sports,1000,0,5,0.78,21,56,HIGH,HIGH
Concert,200,750,11,0.22,31,174,HIGH,HIGH
Workshop,500,0,22,0.37,22,314,HIGH,HIGH
Concert,100,300,23,0.34,55,849,CRITICAL,CRITICAL
Sports,1000,2000,13,0.79,29,194,HIGH,HIGH
Show,500,300,25,0.74,20,275,CRITICAL,CRITICAL
Workshop,100,500,8,0.77,34,168,CRITICAL,CRITICAL
Workshop,800,0,13,0.33,13,87,LOW,LOW
Cultural,200,2000,26,0.37,15,229,CRITICAL,CRITICAL
Show,2000,1000,21,0.19,36,472,LOW,LOW
Technology,2000,250,23,0.63,34,446,MEDIUM,MEDIUM
Concert,1500,1500,15,0.91,36,277,CRITICAL,CRITICAL
Technology,1000,500,27,0.24,49,661,HIGH,HIGH
Sports,100,500,8,0.73,40,209,CRITICAL,CRITICAL
Concert,1000,750,10,0.12,30,149,LOW,LOW
Workshop,1500,2000,23,0.87,12,166,CRITICAL,CRITICAL
Concert,800,0,20,0.55,56,638,CRITICAL,CRITICAL
Concert,500,0,30,0.31,35,703,CRITICAL,CRITICAL
Technology,500,2000,16,0.17,25,216,MEDIUM,MEDIUM
Sports,500,0,13,0.54,16,123,MEDIUM,MEDIUM
Show,500,300,7,0.16,27,115,LOW,LOW
Technology,200,750,10,0.92,15,77,CRITICAL,CRITICAL
Cultural,1000,300,22,0.4,20,250,MEDIUM,MEDIUM
Workshop,200,250,25,0.35,31,399,CRITICAL,CRITICAL
Workshop,1500,750,24,0.29,17,259,LOW,LOW
Workshop,1500,750,4,0.86,21,47,CRITICAL,CRITICAL
Show,800,1500,13,0.73,33,210,HIGH,HIGH
Concert,2000,250,6,0.78,59,242,HIGH,HIGH
Cultural,2000,500,19,0.19,20,222,LOW,LOW
Sports,2000,0,22,0.32,49,598,MEDIUM,MEDIUM
Show,1000,300,28,0.89,46,627,CRITICAL,CRITICAL
Technology,800,0,19,0.53,57,660,CRITICAL,CRITICAL
Cultural,1500,0,23,0.95,24,374,CRITICAL,CRITICAL
Sports,1000,1500,9,0.94,12,53,CRITICAL,CRITICAL
Show,800,500,28,0.17,8,161,LOW,LOW
Cultural,100,2000,17,0.84,6,73,CRITICAL,CRITICAL
Sports,1000,1500,13,0.1,18,128,LOW,LOW
Cultural,100,2000,19,0.58,19,253,CRITICAL,CRITICAL
Cultural,800,750,19,0.86,22,276,CRITICAL,CRITICAL
Sports,800,1500,27,0.93,13,193,CRITICAL,CRITICAL
Show,100,300,18,0.84,48,474,CRITICAL,CRITICAL
Technology,2000,300,18,0.66,43,518,HIGH,HIGH
Show,800,0,10,0.9,41,223,CRITICAL,CRITICAL
Concert,500,500,1,0.77,32,22,HIGH,HIGH
Sports,500,2000,14,0.22,32,281,MEDIUM,MEDIUM
Workshop,100,300,4,0.15,38,74,HIGH,HIGH
Workshop,2000,1500,17,0.61,22,210,MEDIUM,MEDIUM
Concert,200,1500,24,0.38,48,682,CRITICAL,CRITICAL
Sports,2000,750,30,0.84,17,267,HIGH,HIGH
Technology,800,2000,28,0.82,24,365,CRITICAL,CRITICAL
Cultural,500,2000,25,0.31,33,471,CRITICAL,CRITICAL
Cultural,2000,500,17,0.15,22,268,LOW,LOW
Workshop,500,750,8,0.53,31,120,MEDIUM,MEDIUM
Workshop,100,0,1,0.87,27,17,CRITICAL,CRITICAL
Sports,1500,2000,14,0.13,17,134,LOW,LOW
Cultural,200,0,20,0.16,18,226,CRITICAL,CRITICAL
Show,100,750,25,0.76,14,211,CRITICAL,CRITICAL
Sports,800,1000,16,0.15,23,224,LOW,LOW
Concert,500,300,30,0.21,47,941,CRITICAL,CRITICAL
Workshop,800,1000,9,0.74,14,81,HIGH,HIGH
Technology,2000,300,10,0.38,69,425,MEDIUM,MEDIUM
Cultural,1000,2000,21,0.91,7,95,CRITICAL,CRITICAL
Cultural,500,2000,14,0.39,10,95,MEDIUM,MEDIUM
Show,1000,300,11,0.94,40,261,CRITICAL,CRITICAL
Show,1000,300,16,0.76,25,262,HIGH,HIGH
Show,200,1000,4,0.1,35,87,MEDIUM,MEDIUM
Show,1000,2000,23,0.38,34,468,MEDIUM,MEDIUM
Show,100,750,7,0.31,11,41,MEDIUM,MEDIUM
Show,500,1000,14,0.5,13,90,MEDIUM,MEDIUM
Show,100,250,24,0.83,30,403,CRITICAL,CRITICAL
Cultural,100,250,17,0.27,34,346,CRITICAL,CRITICAL
Sports,2000,0,21,0.56,45,501,MEDIUM,MEDIUM
Concert,1000,500,26,0.51,37,500,HIGH,HIGH
Cultural,800,1500,19,0.71,25,298,CRITICAL,CRITICAL
Technology,1500,0,18,0.91,73,663,CRITICAL,CRITICAL
Workshop,100,500,23,0.7,7,84,CRITICAL,CRITICAL
Workshop,1000,750,13,0.87,16,134,CRITICAL,CRITICAL
Technology,1500,300,25,0.63,53,932,CRITICAL,CRITICAL
Technology,100,500,22,0.85,31,370,CRITICAL,CRITICAL
Concert,100,1000,9,0.78,49,257,CRITICAL,CRITICAL
Show,1500,1500,16,0.69,19,189,HIGH,HIGH
Workshop,800,1000,6,0.13,10,31,LOW,LOW
Show,1000,0,3,0.92,28,42,CRITICAL,CRITICAL
Show,200,0,6,0.58,23,70,MEDIUM,MEDIUM
Sports,1500,1500,4,0.17,28,60,LOW,LOW
Concert,200,1000,5,0.17,43,145,HIGH,HIGH
Workshop,800,250,4,0.39,46,93,MEDIUM,MEDIUM
Sports,200,250,24,0.62,43,552,CRITICAL,CRITICAL
Cultural,500,1500,23,0.78,40,641,CRITICAL,CRITICAL
Workshop,200,500,19,0.16,13,125,MEDIUM,MEDIUM
Cultural,1000,500,5,0.19,34,91,LOW,LOW
Cultural,800,2000,7,0.63,10,38,MEDIUM,MEDIUM
Workshop,1500,1500,22,0.46,31,420,MEDIUM,MEDIUM
Sports,800,1500,15,0.95,22,181,CRITICAL,CRITICAL
Technology,200,1500,24,0.13,47,760,CRITICAL,CRITICAL
Concert,1000,2000,15,0.85,53,529,CRITICAL,CRITICAL
Show,200,0,2,0.29,35,48,LOW,LOW
Concert,200,1500,18,0.91,27,249,CRITICAL,CRITICAL
Show,100,500,17,0.4,18,195,CRITICAL,CRITICAL
Cultural,800,1500,14,0.82,29,241,CRITICAL,CRITICAL
Cultural,1000,2000,27,0.28,32,531,MEDIUM,MEDIUM
Technology,200,2000,19,0.57,31,399,CRITICAL,CRITICAL
Sports,1000,1500,19,0.74,23,250,HIGH,HIGH
Cultural,100,250,19,0.11,47,637,CRITICAL,CRITICAL
Technology,2000,1500,28,0.55,58,950,HIGH,HIGH
Workshop,800,750,28,0.83,22,361,CRITICAL,CRITICAL
Workshop,1000,1500,3,0.89,29,48,CRITICAL,CRITICAL
Workshop,1500,300,20,0.32,32,365,LOW,LOW
Sports,2000,500,2,0.93,6,7,CRITICAL,CRITICAL
Workshop,800,500,10,0.38,16,87,MEDIUM,MEDIUM
Workshop,1500,1500,22,0.23,16,174,LOW,LOW
Sports,2000,2000,18,0.62,29,373,MEDIUM,MEDIUM
Technology,2000,300,4,0.12,40,101,LOW,LOW
Workshop,500,1000,19,0.84,27,361,CRITICAL,CRITICAL
Technology,1000,0,30,0.67,77,1369,CRITICAL,CRITICAL
Concert,100,750,12,0.2,41,276,CRITICAL,CRITICAL
Show,200,750,14,0.81,11,85,CRITICAL,CRITICAL
Show,2000,300,3,0.24,41,76,LOW,LOW
Cultural,800,1000,15,0.17,29,290,MEDIUM,MEDIUM
Workshop,2000,1000,23,0.69,16,234,HIGH,HIGH
Workshop,1500,0,4,0.47,47,133,MEDIUM,MEDIUM
Show,1000,750,13,0.76,25,185,HIGH,HIGH
Concert,500,300,10,0.51,50,286,HIGH,HIGH
Show,100,500,18,0.61,27,340,CRITICAL,CRITICAL
Technology,1500,1000,21,0.18,38,477,LOW,LOW
Show,1000,2000,30,0.78,23,373,CRITICAL,CRITICAL
Sports,100,500,1,0.86,35,17,CRITICAL,CRITICAL
Technology,500,500,23,0.42,46,695,CRITICAL,CRITICAL
Concert,500,250,25,0.13,62,1038,CRITICAL,CRITICAL
Show,1000,750,29,0.59,28,507,CRITICAL,CRITICAL
Workshop,1500,500,4,0.38,29,64,MEDIUM,MEDIUM
Concert,1500,1000,21,0.4,18,228,MEDIUM,MEDIUM
Sports,200,500,23,0.37,13,165,CRITICAL,CRITICAL
Concert,100,750,3,0.74,44,77,CRITICAL,CRITICAL
Workshop,800,1000,11,0.39,22,163,MEDIUM,MEDIUM
Show,2000,1000,15,0.15,39,389,LOW,LOW
Workshop,800,500,5,0.47,34,118,MEDIUM,MEDIUM
Technology,100,2000,25,0.17,46,760,CRITICAL,CRITICAL
Sports,1000,2000,18,0.11,33,298,LOW,LOW
Cultural,1500,1000,26,0.42,35,498,MEDIUM,MEDIUM
